{
  "e4210ac8.wav": "Bass_drum",
  "d4f5b26c.wav": "Child_speech_and_kid_speaking",
  "b77c041d.wav": "Shatter,Chink_and_clink",
  "6a1f682a.wav": "remove",
  "57c9f3b0.wav": "Tap",
  "9ed7cf3d.wav": "remove",
  "275dae40.wav": "Traffic_noise_and_roadway_noise,Walk_and_footsteps",
  "74985c18.wav": "Sneeze,Female_speech_and_woman_speaking",
  "77b925c2.wav": "remove",
  "11a4677f.wav": "Motorcycle,Accelerating_and_revving_and_vroom",
  "bc25d122.wav": "Clapping",
  "1d44b0bd.wav": "remove",
  "43710f80.wav": "Knock",
  "eed8492a.wav": "remove",
  "794e1f93.wav": "remove",
  "04763f39.wav": "Zipper_(clothing)",
  "bc45e7b9.wav": "remove",
  "d0382cd8.wav": "Crowd",
  "95f92a43.wav": "Tap",
  "d60beb8f.wav": "remove",
  "fd80ffd3.wav": "remove",
  "d69a1909.wav": "Keys_jangling",
  "2883b626.wav": "Acoustic_guitar,Male_singing",
  "900e6ee9.wav": "Walk_and_footsteps,Keys_jangling",
  "95901d28.wav": "remove",
  "edb3e017.wav": "Frying_(food),Burping_and_eructation",
  "611e2466.wav": "remove",
  "3b1a1a3d.wav": "Fill_(with_liquid)",
  "8bedc661.wav": "Mechanical_fan",
  "ed00c3a2.wav": "Screaming",
  "99354474.wav": "Squeak,Drawer_open_or_close,Cupboard_open_or_close,Walk_and_footsteps",
  "2b826103.wav": "Stream",
  "09f9f88a.wav": "Female_speech_and_woman_speaking",
  "b8ef4cc7.wav": "Screaming,Traffic_noise_and_roadway_noise",
  "64f50c86.wav": "remove",
  "e84a62e9.wav": "Male_speech_and_man_speaking,Bus",
  "41f64168.wav": "Shatter",
  "f76181c4.wav": "Bass_drum",
  "8bb2680a.wav": "Walk_and_footsteps",
  "c6230083.wav": "Accordion",
  "47e60324.wav": "remove",
  "1aa41492.wav": "Race_car_and_auto_racing,Car_passing_by",
  "218a25cd.wav": "Male_speech_and_man_speaking,Yell,Traffic_noise_and_roadway_noise",
  "b3f0e45d.wav": "Computer_keyboard,Crowd",
  "468106f3.wav": "Bark,Waves_and_surf",
  "4f85a571.wav": "Motorcycle",
  "e1f67212.wav": "Keys_jangling",
  "30dd6890.wav": "Fill_(with_liquid)",
  "f72b0436.wav": "remove",
  "91fd8984.wav": "Crowd,Microwave_oven",
  "209d20a2.wav": "Water_tap_and_faucet",
  "1a33e6af.wav": "Slam",
  "b187ef20.wav": "Walk_and_footsteps,Run,Traffic_noise_and_roadway_noise,Church_bell",
  "4967eed1.wav": "Knock",
  "9f7273b5.wav": "Run",
  "b71264f5.wav": "Chirp_and_tweet,Waves_and_surf",
  "86b42d00.wav": "Chink_and_clink,Dishes_and_pots_and_pans",
  "2a5d34c8.wav": "Tap",
  "af4d82eb.wav": "Car_passing_by",
  "50bd2a38.wav": "Female_speech_and_woman_speaking",
  "d8bcbd23.wav": "Chewing_and_mastication,Female_speech_and_woman_speaking",
  "ffff4631.wav": "Meow,Sink_(filling_or_washing),Water_tap_and_faucet",
  "0d0c1e12.wav": "Shatter,Motorcycle,Race_car_and_auto_racing,Accelerating_and_revving_and_vroom",
  "8394142c.wav": "Burping_and_eructation",
  "81add34f.wav": "remove",
  "b1eaee59.wav": "Cutlery_and_silverware",
  "b1b8dfe7.wav": "Slam",
  "ef15f5ff.wav": "Drawer_open_or_close,Slam",
  "3520f2f0.wav": "Crowd,Screaming",
  "7752cc8a.wav": "Dishes_and_pots_and_pans,Chink_and_clink",
  "65eb82d9.wav": "Waves_and_surf",
  "c7db12aa.wav": "Marimba_and_xylophone",
  "1f0aabd0.wav": "Tap"
}